mode,fair,precision@10,nDCG@10,head_exposure@10,tail_exposure@10
cf,0,0.0,0.0,2.411710358592118,2.1318489794962274
cf,1,0.0,0.0,2.022343201856489,2.5212161362318564
content,0,0.265,0.6080293316149838,1.6569978454891892,2.8865614925991565
content,1,0.275,0.6048214916614264,2.022343201856489,2.5212161362318564
hybrid,0,0.005,0.014453241315894394,1.5854582212182131,2.9581011168701328
hybrid,1,0.135,0.29204371564709397,2.0078899605405947,2.535669377547751
pop,0,0.0,0.0,3.4602308770559533,1.0833284610323923
pop,1,0.0,0.0,2.022343201856489,2.5212161362318564
