mode,precision@10,nDCG@10
cf,0.0,0.0
content,0.265,0.6080293316149838
hybrid,0.075,0.16989715786704565
